<?xml version="1.0" encoding="UTF-8"?>
<suite name="Suite">




   <!-- 
<test name="SDW RegressionTest">
    <parameter name="environment"  value="test"/> 
     <classes>      
     
    <class name="RegressionTest.ECB_RTC002_Browser_leaf_node"/>       
    <class name="RegressionTest.ECB_RTC003_Browser_Data_Table"/>
    <class name="RegressionTest.ECB_RTC004_Browser_MetaData"/>
     <class name="RegressionTest.ECB_RTC006_Browse_intermediate_nodes"/>
    <class name="RegressionTest.ECB_RTC008_Export_data_intermediate_nodes"/>   
    <class name="RegressionTest.ECB_RTC026_Manage_Data_Groups_AddMyGroup"/>
  
    </classes>
     </test>  
    <test name="SDW RegressionTest 11 : Search_Free_Text">
    <parameter name="environment"  value="test"/> 
     <classes>      
        <class name="RegressionTest.ECB_RTC001_Browser_AccessHomepage"/>  
    </classes>
    </test>
 
    <test name="SDW RegressionTest 37">
    <parameter name="environment"  value="test"/> 
     <classes>      
         <class name="RegressionTest.ECB_RTC036_Series_Search_Quickview"/>
    </classes>
    </test>
    --> 
    

 

    <test name="SDW RegressionTest 1 :  Browse Node">
    <parameter name="environment"  value="test"/> 
     <classes>      
         <class name="RegressionTest.ECB_RTC001_Browser_AccessHomepage"/>   
    </classes>
    </test> 
    
     <test name="SDW RegressionTest 2 :  Browse Node">
    <parameter name="environment"  value="test"/> 
     <classes>      
         <class name="RegressionTest.ECB_RTC002_Browser_leaf_node"/>   
    </classes>
    </test> 
 
  <test name="SDW RegressionTest 3 :  Browse Node">
    <parameter name="environment"  value="test"/> 
     <classes>      
         <class name="RegressionTest.ECB_RTC003_Browser_Data_Table"/>   
    </classes>
    </test>
     
   <test name="SDW RegressionTest 4 :  Browse Node">
    <parameter name="environment"  value="test"/> 
     <classes>      
          <class name="RegressionTest.ECB_RTC004_Browser_MetaData"/> 
    </classes>
    </test>
   

 <test name="SDW RegressionTest 5 :  Browse Node">
    <parameter name="environment"  value="test"/> 
     <classes>      
          <class name="RegressionTest.ECB_RTC005_Browser_MetaData_NonAccessibleData"/> 
    </classes>
    </test>

    <test name="SDW RegressionTest 6 :  Browse Node">
    <parameter name="environment"  value="test"/> 
     <classes>      
         <class name="RegressionTest.ECB_RTC006_Browse_intermediate_nodes"/>
    </classes>
    </test>
    
 	<test name="SDW RegressionTest 7 :  History Snapshort">
    <parameter name="environment"  value="test"/> 
     <classes>      
          <class name="RegressionTest.ECB_RTC007_History_Snapshort_SearchText"/> 
    </classes>
    </test>

     <test name="SDW RegressionTest 8 : Export_data">
    <parameter name="environment"  value="test"/> 
     <classes>      
        <class name="RegressionTest.ECB_RTC008_Export_data_intermediate_nodes"/>  
    </classes>
    </test>
    
     <test name="SDW RegressionTest 9 : Export_data">
    <parameter name="environment"  value="test"/> 
     <classes>      
        <class name="RegressionTest.ECB_RTC009_Export_data_DownloadCSV"/>  
    </classes>
    </test>
    
    <test name="SDW RegressionTest 10 : Data Chart">
    <parameter name="environment"  value="test"/> 
     <classes>      
        <class name="RegressionTest.ECB_RTC010_Data_Static_Chart"/>  
    </classes>
    </test>
  
    <test name="SDW RegressionTest 11 : Search_Free_Text">
    <parameter name="environment"  value="test"/> 
     <classes>      
        <class name="RegressionTest.ECB_RTC011_Search_Free_Text_OnHomePage"/>  
    </classes>
    </test>
    
    <test name="SDW RegressionTest 12 : Search_Free_Text">
    <parameter name="environment"  value="test"/> 
     <classes>      
        <class name="RegressionTest.ECB_RTC012_Search_Free_Text_DataTable"/>  
    </classes>
    </test>
    
    <test name="SDW RegressionTest 13 : Search_Free_Text">
    <parameter name="environment"  value="test"/> 
     <classes>      
        <class name="RegressionTest.ECB_RTC013_SearchFreeText_Range"/>  
    </classes>
   </test>
    
     <test name="SDW RegressionTest 14 : Search_Free_Text">
    <parameter name="environment"  value="test"/> 
     <classes>      
        <class name="RegressionTest.ECB_RTC014_SearchFreeText_MetaData"/>  
    </classes>
    </test>
    
    <test name="SDW RegressionTest 15 : Search series">
    <parameter name="environment"  value="test"/> 
     <classes>      
        <class name="RegressionTest.ECB_RTC015_Search_non_accessible_series"/>  
    </classes>
    </test>
   
    <test name="SDW RegressionTest 16 : Search series">
    <parameter name="environment"  value="test"/> 
     <classes>      
        <class name="RegressionTest.ECB_RTC016_Search_series"/>  
    </classes>
    </test>
    
       <test name="SDW RegressionTest 17 : Search series">
    <parameter name="environment"  value="test"/> 
     <classes>      
        <class name="RegressionTest.ECB_RTC017_Search_Filter_SeriesKeys_ByType"/>  
    </classes>
    </test>
    
           <test name="SDW RegressionTest 18 : Print">
    <parameter name="environment"  value="test"/> 
     <classes>      
        <class name="RegressionTest.ECB_RTC018_Print_intermediate_nodes"/>  
    </classes>
    </test>
    
       <test name="SDW RegressionTest 19 : Print">
    <parameter name="environment"  value="test"/> 
     <classes>      
        <class name="RegressionTest.ECB_RTC019_Print_Data_Table"/>  
    </classes>
    </test>
    
    
      <test name="SDW RegressionTest 20 : Print">
    <parameter name="environment"  value="test"/> 
     <classes>      
        <class name="RegressionTest.ECB_RTC020_Print_Update_DataTable"/>  
    </classes>
    </test>
    
    
      <test name="SDW RegressionTest 21 : Print">
    <parameter name="environment"  value="test"/> 
     <classes>      
        <class name="RegressionTest.ECB_RTC021_Print_Data_Chart"/>  
    </classes>
    </test>
       
         
      <test name="SDW RegressionTest 22 : Print">
    <parameter name="environment"  value="test"/> 
     <classes>      
        <class name="RegressionTest.ECB_RTC022_Print_Update_DataChart"/>  
    </classes>
    </test>
    
    
        <test name="SDW RegressionTest 23 : Print">
    <parameter name="environment"  value="test"/> 
     <classes>      
        <class name="RegressionTest.ECB_RTC023_Manage_DataGroups_NotAllowedGroupName"/>  
    </classes>
    </test>
    
    <test name="SDW RegressionTest 24">
    <parameter name="environment"  value="test"/> 
     <classes>      
         <class name="RegressionTest.ECB_RTC024_Manage_DataGroups_AddDataGroup"/>
    </classes>
    </test>
        <test name="SDW RegressionTest 25 : Print">
    <parameter name="environment"  value="test"/> 
     <classes>      
        <class name="RegressionTest.ECB_RTC025_Manage_DataGroup_SortDataGroups_GroupList"/>  
    </classes>
    </test>
    
    
    <test name="SDW RegressionTest 26">
    <parameter name="environment"  value="test"/> 
     <classes>      
         <class name="RegressionTest.ECB_RTC026_Manage_DataGroups_BrowseDataGroup"/>
    </classes>
    </test>
    
        <test name="SDW RegressionTest 27">
    <parameter name="environment"  value="test"/> 
     <classes>      
         <class name="RegressionTest.ECB_RTC027_Manage_DataGroups_EditDataGroup"/>
    </classes>
    </test>
    
     <test name="SDW RegressionTest 28 :  Manage Data Group">
    <parameter name="environment"  value="test"/> 
     <classes>      
         <class name="RegressionTest.ECB_RTC028_Manage_DataGroups_AddExistingDataGroup"/>
    </classes>
    </test>  
  
   <test name="SDW RegressionTest 29 :  Manage Data Group">
    <parameter name="environment"  value="test"/> 
     <classes>      
         <class name="RegressionTest.ECB_RTC029_Manage_DataGroups_ReplaceExistingDataGroup"/>
    </classes>
    </test> 
    
     <test name="SDW RegressionTest 30 :  Manage Data Group">
    <parameter name="environment"  value="test"/> 
     <classes>      
         <class name="RegressionTest.ECB_RTC030_Manage_DataGroups_DeleteDataGroup"/>
    </classes>
    </test> 
   
    
     <test name="SDW RegressionTest 31">
    <parameter name="environment"  value="test"/> 
     <classes>      
         <class name="RegressionTest.ECB_RTC031_Manage_MyReports_AddPublication"/>
    </classes>
    </test>  
       
    
    <test name="SDW RegressionTest 32">
    <parameter name="environment"  value="test"/> 
     <classes>      
         <class name="RegressionTest.ECB_RTC032_Manage_MyReports_Edit_Publication"/>
    </classes>
    </test>
     <test name="SDW RegressionTest 33">
    <parameter name="environment"  value="test"/> 
     <classes>      
         <class name="RegressionTest.ECB_RTC033_Manage_AddExistingPublication"/>
    </classes>
    </test>
    
       <test name="SDW RegressionTest 34">
    <parameter name="environment"  value="test"/> 
     <classes>      
         <class name="RegressionTest.ECB_RTC034_Manage_MyPublication"/>
    </classes>
    </test>  
    
    <test name="SDW RegressionTest 35">
    <parameter name="environment"  value="test"/> 
     <classes>      
         <class name="RegressionTest.ECB_RTC035_Manage_ReplaceExistingPublication"/>
    </classes>
    </test>  
    
       
    <test name="SDW RegressionTest 36">
    <parameter name="environment"  value="test"/> 
     <classes>      
         <class name="RegressionTest.ECB_RTC036_Series_Search_Quickview"/>
    </classes>
    </test>
    
        <test name="SDW RegressionTest 37">
    <parameter name="environment"  value="test"/> 
     <classes>      
         <class name="RegressionTest.ECB_RTC037_Series_Quickview"/>
    </classes>
    </test>
       <test name="SDW RegressionTest 38">
    <parameter name="environment"  value="test"/> 
     <classes>      
         <class name="RegressionTest.ECB_RTC038_Search_QuickView_NonAccessible_series"/>
    </classes>
    </test>
     <test name="SDW RegressionTest 39">
    <parameter name="environment"  value="test"/> 
     <classes>      
         <class name="RegressionTest.ECB_RTC039_Transformation"/>
    </classes>
    </test>
    
      <test name="SDW RegressionTest 40">
    <parameter name="environment"  value="test"/> 
     <classes>      
         <class name="RegressionTest.ECB_RTC040_Manage_MyReports_DeletePublication"/>
    </classes>
    </test>



   
</suite> <!-- Suite 



      
<test name="SDW smokeTest DownloadUnemployment">
    <parameter name="environment"  value="dev"/>
    <classes>
      <class name="smokeTest.DownloadUnemployment"/>
    </classes>
    
 </test>
-->