<?xml version="1.0" encoding="UTF-8"?>
<suite name="Suite">

   <!--   
    <test name="SDW smokeTest 1 : AddMyPublication">
    <parameter name="environment"  value="test"/> 
     <classes>      
      <class name="smokeTest.AddMyPublication"/>      
    </classes>
     </test>  
     
     
           <test name="SDW smokeTest 2: DimensionFiltering">
    <parameter name="environment"  value="test"/> 		
    
     <classes>      
         <class name="smokeTest.DimensionFiltering"/>
    </classes>
    </test> 
     
      <test name="SDW smokeTest 3: DataTable">
    <parameter name="environment"  value="test"/> 
     <classes>      
         <class name="smokeTest.DataTable"/> 
    </classes>
    </test> 
 
   
      <test name="SDW smokeTest 4: DataExportInternalPortal">
    <parameter name="environment"  value="test"/> 
     <classes>      
         <class name="smokeTest.DataExportInternalPortal"/>
    </classes>
    </test> 
      
  <test name="SDW smokeTest 5: CreateNewDataGroup">
    <parameter name="environment"  value="test"/>
    <classes>
      <class name="smokeTest.CreateNewDataGroup"/>    
    </classes>
     </test> 
   
 --> 
   
</suite> <!-- Suite 



      
<test name="SDW smokeTest DownloadUnemployment">
    <parameter name="environment"  value="dev"/>
    <classes>
      <class name="smokeTest.DownloadUnemployment"/>
    </classes>
    
 </test>
-->